11	945		Cln3 	+ Cdh1, Clb1,2, Mcm1/SFF, SBF	- 
00	512.939		MBF 	+ 	- Sic1
11	896		SBF 	+ Mcm1/SFF, Swi5	- Clb5,6
11	781.009		Cln1,2 	+ Cdh1, Clb1,2	- MBF
00	4.98494		Cdh1 	+ 	- Cln3
10	512		Swi5 	+ Cdc20&Cdc14	- 
11	775		Cdc20&Cdc14 	+ Swi5	- Sic1
00	36.9954		Clb5,6 	+ 	- Mcm1/SFF, Sic1
00	64.9386		Sic1 	+ 	- Cdh1, Clb1,2, Swi5
10	320		Clb1,2 	+ Swi5	- Cln3
11	957.336		Mcm1/SFF 	+ Clb1,2, Cln1,2, SBF	- Cdc20&Cdc14
11	681		Cln3 	+ Clb5,6, Sic1	- SBF
10	355.781		MBF 	+ Clb5,6, Cln3	- Cdh1, Mcm1/SFF, Sic1
11	654		SBF 	+ Cdh1	- Clb1,2
00	0.365113		Cln1,2 	+ 	- 
11	518.952		Cdh1 	+ Cln3, Swi5	- Clb1,2, Clb5,6, Cln1,2
11	799		Swi5 	+ Cln3, MBF, SBF	- Cdc20&Cdc14, Clb1,2
11	645		Cdc20&Cdc14 	+ Cdh1, Cln1,2, Mcm1/SFF, SBF	- 
11	1024		Clb5,6 	+ 	- 
00	346.359		Sic1 	+ 	- MBF
00	136.317		Clb1,2 	+ 	- Swi5
10	271.905		Mcm1/SFF 	+ Cdh1, Cln1,2	- 
00	233.996		Cln3 	+ SBF, Swi5	- Clb5,6, MBF
10	483.002		MBF 	+ Sic1	- Clb5,6
11	1024		SBF 	+ 	- 
00	0.333976		Cln1,2 	+ 	- Clb1,2, MBF, SBF, Sic1, Swi5
00	0.400871		Cdh1 	+ 	- Mcm1/SFF
00	261.668		Swi5 	+ Cdc20&Cdc14	- Cln3
00	0.333976		Cdc20&Cdc14 	+ 	- 
11	1037		Clb5,6 	+ Cdh1, Mcm1/SFF, Sic1	- 
11	722.004		Sic1 	+ Clb1,2, Cln1,2, SBF	- Cdh1, Mcm1/SFF
11	1024.06		Clb1,2 	+ Clb5,6, Cln3	- 
11	896.2		Mcm1/SFF 	+ Clb5,6, Swi5	- Cdc20&Cdc14
00	147.992		Cln3 	+ Swi5	- 
11	805		MBF 	+ Cln1,2	- SBF
00	1.50205		SBF 	+ 	- Cdc20&Cdc14, Cdh1, Clb1,2
11	713.006		Cln1,2 	+ Cln3, Sic1, Swi5	- 
11	1041		Cdh1 	+ Clb5,6	- 
00	297.496		Swi5 	+ Clb1,2, Mcm1/SFF	- Clb5,6, MBF, Sic1
00	326.494		Cdc20&Cdc14 	+ 	- Sic1
10	489		Clb5,6 	+ Cln3, MBF	- Clb1,2, Swi5
11	563		Sic1 	+ MBF	- Cdh1
11	1024.1		Clb1,2 	+ Cln1,2, Cln3	- 
00	306.755		Mcm1/SFF 	+ Cdc20&Cdc14, Cdh1	- Clb1,2, Cln3
11	990		Cln3 	+ Clb1,2, MBF, Swi5	- Clb5,6
00	31.3339		MBF 	+ 	- Clb5,6, SBF
00	318.666		SBF 	+ Cln3, Sic1	- Cdc20&Cdc14, Clb5,6
00	39.6661		Cln1,2 	+ Sic1	- Clb1,2
11	1024		Cdh1 	+ Sic1	- 
11	718		Swi5 	+ Cdh1, Mcm1/SFF, SBF	- Clb5,6, Cln3
10	400		Cdc20&Cdc14 	+ Swi5	- 
00	283		Clb5,6 	+ Cln1,2	- Cdc20&Cdc14
00	17.332		Sic1 	+ 	- Cln3
11	1024.06		Clb1,2 	+ Cdh1, Cln3	- 
11	792.2		Mcm1/SFF 	+ Cdc20&Cdc14, Cln3	- Clb1,2
00	97.7154		Cln3 	+ Cln1,2	- Cdc20&Cdc14, SBF, Swi5
11	1103		MBF 	+ Cdh1, SBF	- 
00	311.715		SBF 	+ Cdh1	- Clb5,6, Cln3, Mcm1/SFF
10	188.288		Cln1,2 	+ Mcm1/SFF	- 
11	1083		Cdh1 	+ Clb1,2, Clb5,6	- 
00	150		Swi5 	+ 	- Mcm1/SFF
11	788		Cdc20&Cdc14 	+ MBF	- Swi5
11	831.006		Clb5,6 	+ Cln3, Mcm1/SFF, Sic1	- MBF, SBF
11	1024.02		Sic1 	+ Cdc20&Cdc14, Swi5	- 
00	93.6355		Clb1,2 	+ 	- Cln3, SBF
10	502.288		Mcm1/SFF 	+ Clb5,6, MBF	- Cln1,2, Sic1
00	8.4		Cln3 	+ 	- Mcm1/SFF
11	873		MBF 	+ Cdc20&Cdc14, Clb1,2	- SBF
00	164.75		SBF 	+ Cdh1, Sic1, Swi5	- Clb1,2, Cln1,2
00	0.333333		Cln1,2 	+ 	- 
00	0.333333		Cdh1 	+ 	- MBF
00	128.667		Swi5 	+ Cln1,2	- Clb1,2
11	831		Cdc20&Cdc14 	+ Clb1,2, Clb5,6	- 
11	1040		Clb5,6 	+ Cdc20&Cdc14, Mcm1/SFF, Sic1	- 
00	0.332036		Sic1 	+ Cln1,2	- Cln3, Mcm1/SFF, SBF, Swi5
11	1024.06		Clb1,2 	+ Cdh1, Cln1,2	- 
10	384.2		Mcm1/SFF 	+ Cdc20&Cdc14	- 
11	851		Cln3 	+ Cdh1, Clb5,6, SBF	- Clb1,2
10	348.012		MBF 	+ Cln1,2	- Mcm1/SFF
11	732		SBF 	+ Swi5	- Clb5,6
10	545.006		Cln1,2 	+ Sic1	- Cln3
00	512.5		Cdh1 	+ 	- Cdc20&Cdc14
11	992		Swi5 	+ Cdh1, Clb1,2, Cln1,2, MBF	- Clb5,6
00	0.500071		Cdc20&Cdc14 	+ 	- 
00	512.988		Clb5,6 	+ Cdc20&Cdc14	- Sic1
11	1024		Sic1 	+ 	- 
10	557.112		Clb1,2 	+ Cln3, Mcm1/SFF	- Sic1, Swi5
11	992.25		Mcm1/SFF 	+ Cdh1, Clb1,2, MBF, SBF	- Cdc20&Cdc14
00	160.252		Cln3 	+ 	- Cdc20&Cdc14, MBF
00	353.241		MBF 	+ 	- Clb1,2
00	279.252		SBF 	+ Clb5,6	- Cdc20&Cdc14, Cdh1
01	647.917		Cln1,2 	+ SBF, Swi5	- Cln3, Sic1
00	264.252		Cdh1 	+ SBF	- Clb5,6, Cln3
00	316.749		Swi5 	+ Mcm1/SFF	- Clb5,6
11	786		Cdc20&Cdc14 	+ Cdh1	- SBF
00	401.954		Clb5,6 	+ Mcm1/SFF, Swi5	- Clb1,2, Cln1,2
11	580		Sic1 	+ Cln3	- Cdh1
01	600.48		Clb1,2 	+ SBF	- Sic1
00	186.46		Mcm1/SFF 	+ SBF	- 
00	27.9722		Cln3 	+ 	- Cdc20&Cdc14, Clb1,2, Clb5,6, MBF
00	465.972		MBF 	+ Clb1,2	- Cln3, SBF
11	1024		SBF 	+ 	- 
10	515		Cln1,2 	+ Cdc20&Cdc14	- 
11	1086		Cdh1 	+ MBF, SBF, Sic1	- 
00	256.972		Swi5 	+ 	- Cdc20&Cdc14, Cln1,2
11	784		Cdc20&Cdc14 	+ Cln1,2	- Clb5,6
00	128.97		Clb5,6 	+ 	- Cln1,2, Cln3
11	700.033		Sic1 	+ Cdh1, SBF	- Clb1,2, Swi5
11	652.069		Clb1,2 	+ Cdh1, Clb5,6	- Mcm1/SFF, Sic1
00	384.65		Mcm1/SFF 	+ 	- Cdc20&Cdc14
10	302.099		Cln3 	+ Cdh1, Clb5,6	- Cdc20&Cdc14, SBF
01	513.5		MBF 	+ 	- Cdh1
11	902		SBF 	+ MBF, Sic1	- Swi5
00	0.500001		Cln1,2 	+ 	- Clb1,2, Clb5,6, Mcm1/SFF
11	1024		Cdh1 	+ 	- 
00	313.506		Swi5 	+ Cdc20&Cdc14	- Cln1,2, Sic1
01	490.451		Cdc20&Cdc14 	+ Sic1	- Clb1,2, SBF
00	82.4999		Clb5,6 	+ 	- Cln3, Swi5
11	1024.01		Sic1 	+ Cdh1	- 
00	32.45		Clb1,2 	+ 	- Cdh1, Clb5,6, Cln3, Mcm1/SFF
00	0.875001		Mcm1/SFF 	+ Cln1,2	- 
11	791		Cln3 	+ Cdc20&Cdc14, MBF, SBF	- Cln1,2, Swi5
00	224.755		MBF 	+ Clb1,2	- Mcm1/SFF
10	349.001		SBF 	+ Clb5,6	- Mcm1/SFF
00	0.658894		Cln1,2 	+ 	- 
11	904		Cdh1 	+ Cdc20&Cdc14, Clb1,2, Swi5	- Cln3
11	609		Swi5 	+ Cdc20&Cdc14, Cln1,2	- 
11	896		Cdc20&Cdc14 	+ Clb5,6, Sic1	- Mcm1/SFF
10	448		Clb5,6 	+ Swi5	- Cdc20&Cdc14
11	1024.04		Sic1 	+ Clb5,6, Mcm1/SFF	- 
00	0.535503		Clb1,2 	+ Cln1,2, Swi5	- Cdh1, MBF, Mcm1/SFF, Sic1
11	768.025		Mcm1/SFF 	+ Sic1	- Clb5,6
10	317.666		Cln3 	+ Clb1,2, Clb5,6	- Cdh1, Cln1,2, SBF
00	174.333		MBF 	+ 	- Cdc20&Cdc14, Mcm1/SFF
00	147.335		SBF 	+ Cln1,2	- Cdh1, Sic1
00	113.666		Cln1,2 	+ MBF	- 
11	912		Cdh1 	+ Clb1,2, Swi5	- Clb5,6
11	898		Swi5 	+ Cdh1, SBF	- Cln3
11	696		Cdc20&Cdc14 	+ Cdh1	- Cln1,2
11	1055		Clb5,6 	+ Swi5	- 
00	452.266		Sic1 	+ 	- Mcm1/SFF
11	720.039		Clb1,2 	+ Cdh1	- Cln3
00	6.26644		Mcm1/SFF 	+ Cdh1	- Clb1,2, Cln3, Swi5
00	0.53236		Cln3 	+ 	- 
11	707		MBF 	+ SBF	- Swi5
11	852		SBF 	+ Cln3, Mcm1/SFF	- Cdc20&Cdc14
00	446.519		Cln1,2 	+ SBF	- Cdc20&Cdc14, Sic1
11	1024		Cdh1 	+ 	- 
01	631.965		Swi5 	+ Clb1,2	- Cdh1
00	163.532		Cdc20&Cdc14 	+ 	- Clb5,6, Sic1
00	79.5322		Clb5,6 	+ Cln3, Mcm1/SFF	- Cdc20&Cdc14, Cln1,2, MBF, Swi5
11	704.001		Sic1 	+ SBF	- Swi5
00	349.446		Clb1,2 	+ Cdh1, Cln1,2	- Clb5,6, Sic1, Swi5
11	749.133		Mcm1/SFF 	+ MBF	- Cdc20&Cdc14
00	512.333		Cln3 	+ 	- Cdc20&Cdc14
11	871		MBF 	+ Cdh1, Cln1,2	- Clb1,2
11	983		SBF 	+ Cdh1, Clb1,2, Mcm1/SFF	- Cdc20&Cdc14
00	0.333332		Cln1,2 	+ 	- Cln3, MBF, Swi5
11	949		Cdh1 	+ Cdc20&Cdc14, Cln1,2, SBF	- Clb5,6
00	74.6654		Swi5 	+ Sic1	- SBF
00	184.333		Cdc20&Cdc14 	+ 	- Cln1,2, Swi5
00	304.667		Clb5,6 	+ Cln1,2, Cln3	- SBF
10	178.665		Sic1 	+ Mcm1/SFF	- Clb5,6, Swi5
11	1024		Clb1,2 	+ 	- 
11	749.134		Mcm1/SFF 	+ Cdh1	- Sic1
10	512.189		Cln3 	+ Clb1,2	- 
10	459.059		MBF 	+ Swi5	- Sic1
00	10.9592		SBF 	+ Cln3	- Cdc20&Cdc14, Cdh1, Cln1,2
11	814		Cln1,2 	+ Cdh1, SBF	- 
11	1081		Cdh1 	+ Mcm1/SFF, Sic1, Swi5	- 
10	525.02		Swi5 	+ Cdc20&Cdc14, Sic1	- Clb1,2, SBF
00	164.959		Cdc20&Cdc14 	+ MBF	- Clb5,6, Mcm1/SFF, Swi5
11	1024		Clb5,6 	+ 	- 
11	775.041		Sic1 	+ Cdh1	- Cdc20&Cdc14
11	768		Clb1,2 	+ Cln3	- MBF
00	0.642205		Mcm1/SFF 	+ 	- 
00	0.370629		Cln3 	+ 	- 
01	512.336		MBF 	+ 	- Clb1,2
00	70.3706		SBF 	+ Cdh1, Mcm1/SFF	- Clb5,6, Cln1,2, Swi5
01	512.58		Cln1,2 	+ SBF, Sic1	- Mcm1/SFF
10	412.958		Cdh1 	+ Clb1,2, Clb5,6	- Cln1,2, Swi5
01	610.671		Swi5 	+ Clb1,2, Cln3	- Cdh1
01	860.755		Cdc20&Cdc14 	+ Cln1,2, Mcm1/SFF, SBF	- 
11	1031		Clb5,6 	+ Clb1,2, Swi5	- 
00	192.458		Sic1 	+ SBF	- Mcm1/SFF, Swi5
00	14.3357		Clb1,2 	+ 	- Cdc20&Cdc14, MBF
01	492.517		Mcm1/SFF 	+ MBF	- Cdh1
11	768.2		Cln3 	+ Mcm1/SFF	- Cln1,2
11	1024		MBF 	+ 	- 
00	369.6		SBF 	+ 	- Cdc20&Cdc14
00	24.6003		Cln1,2 	+ 	- Cdh1, Cln3
01	616.799		Cdh1 	+ Cln1,2, MBF, Sic1, Swi5	- Clb5,6, Cln3
00	224.6		Swi5 	+ SBF	- Cdc20&Cdc14, Clb1,2, Cln1,2
11	656		Cdc20&Cdc14 	+ MBF	- Cdh1
11	622		Clb5,6 	+ Cln1,2	- Swi5
00	60.5841		Sic1 	+ 	- Clb1,2, Mcm1/SFF, Swi5
00	136.515		Clb1,2 	+ Sic1	- Clb5,6, SBF, Swi5
00	0.400204		Mcm1/SFF 	+ 	- 
11	768.2		Cln3 	+ Mcm1/SFF	- Cln1,2
11	1024		MBF 	+ 	- 
00	369.6		SBF 	+ 	- Cdc20&Cdc14
00	24.6003		Cln1,2 	+ 	- Cdh1, Cln3
01	616.799		Cdh1 	+ Cln1,2, MBF, Sic1, Swi5	- Clb5,6, Cln3
00	224.6		Swi5 	+ SBF	- Cdc20&Cdc14, Clb1,2, Cln1,2
11	656		Cdc20&Cdc14 	+ MBF	- Cdh1
11	622		Clb5,6 	+ Cln1,2	- Swi5
00	60.5841		Sic1 	+ 	- Clb1,2, Mcm1/SFF, Swi5
00	136.515		Clb1,2 	+ Sic1	- Clb5,6, SBF, Swi5
00	0.400204		Mcm1/SFF 	+ 	- 
00	13		Cln3 	+ Cln1,2	- Mcm1/SFF
11	620.125		MBF 	+ Mcm1/SFF	- Cdh1
11	918		SBF 	+ MBF, Mcm1/SFF	- Cln1,2
00	0.499976		Cln1,2 	+ 	- Cdh1, Clb1,2, Clb5,6, Swi5
11	1102		Cdh1 	+ Cdc20&Cdc14, SBF, Sic1	- 
00	384.451		Swi5 	+ Sic1	- Cdc20&Cdc14, Clb1,2
00	0.999952		Cdc20&Cdc14 	+ Cln1,2	- 
11	1024		Clb5,6 	+ 	- 
00	512.444		Sic1 	+ Cdh1	- Clb1,2, Clb5,6
00	512.45		Clb1,2 	+ 	- Swi5
11	960.25		Mcm1/SFF 	+ Cdh1, Cln3, SBF	- Clb5,6
00	48.3425		Cln3 	+ 	- Clb1,2, Cln1,2, SBF
00	448.343		MBF 	+ Cdh1	- Cdc20&Cdc14, Cln3
11	1079		SBF 	+ Cdh1	- 
10	504.944		Cln1,2 	+ Cdc20&Cdc14	- Clb1,2, Cln3
00	525.685		Cdh1 	+ MBF	- Sic1
11	677		Swi5 	+ Clb5,6, SBF	- Clb1,2, Mcm1/SFF
11	822.001		Cdc20&Cdc14 	+ Mcm1/SFF, Sic1	- Clb5,6
11	976		Clb5,6 	+ Clb1,2, SBF, Swi5	- Cdc20&Cdc14
11	1024.01		Sic1 	+ Swi5	- 
00	192.315		Clb1,2 	+ 	- SBF
10	256.895		Mcm1/SFF 	+ Cln1,2	- 
00	29.333		Cln3 	+ 	- MBF
10	250		MBF 	+ Clb5,6, Cln3	- Cdh1, Swi5
11	1024		SBF 	+ 	- 
01	546.667		Cln1,2 	+ Cdc20&Cdc14	- SBF
00	40.333		Cdh1 	+ MBF	- Cln3, Swi5
11	670		Swi5 	+ Cdh1, Clb5,6	- Clb1,2
00	67.334		Cdc20&Cdc14 	+ Cln1,2	- Sic1, Swi5
11	886		Clb5,6 	+ MBF, SBF	- Mcm1/SFF
11	1024		Sic1 	+ Clb1,2	- 
11	960.059		Clb1,2 	+ Clb5,6, Sic1, Swi5	- Cln3
10	186.599		Mcm1/SFF 	+ MBF	- Cdh1, Cln1,2
00	8.26964		Cln3 	+ Cdc20&Cdc14	- Clb1,2, Swi5
00	265.52		MBF 	+ Cln3, Mcm1/SFF	- Cln1,2
00	106.25		SBF 	+ 	- Cdh1, MBF
01	529.998		Cln1,2 	+ Cdh1, Cln3	- Sic1
00	0.2504		Cdh1 	+ Swi5	- Clb1,2, Clb5,6, Sic1
00	0.250357		Swi5 	+ 	- 
00	3.50071		Cdc20&Cdc14 	+ Swi5	- 
11	768.001		Clb5,6 	+ Sic1	- Cdh1
11	464.749		Sic1 	+ Clb5,6	- Cdc20&Cdc14, SBF
11	966.039		Clb1,2 	+ Cln1,2, MBF, Mcm1/SFF, Swi5	- SBF
00	0.208571		Mcm1/SFF 	+ 	- 
11	956		Cln3 	+ Cdh1, MBF, Mcm1/SFF	- 
00	0.500114		MBF 	+ 	- Cdh1, Clb5,6
11	1028		SBF 	+ Clb5,6	- 
00	50.5001		Cln1,2 	+ 	- SBF
11	1076		Cdh1 	+ MBF, Mcm1/SFF	- 
11	909		Swi5 	+ Cdh1, Mcm1/SFF, Sic1	- 
00	240.5		Cdc20&Cdc14 	+ 	- Clb1,2, Cln1,2
11	784		Clb5,6 	+ Cdh1	- Cdc20&Cdc14
00	184.993		Sic1 	+ Cdc20&Cdc14, Clb1,2	- Swi5
00	120.45		Clb1,2 	+ Clb5,6	- Cln3, MBF, Mcm1/SFF
00	64.75		Mcm1/SFF 	+ Cdc20&Cdc14, Clb5,6	- Cln3, SBF
00	0.429091		Cln3 	+ 	- Cdh1, Clb1,2, Cln1,2
11	649		MBF 	+ Clb5,6, Sic1	- Cln1,2
00	146.509		SBF 	+ Swi5	- Cln1,2, Mcm1/SFF
11	512.054		Cln1,2 	+ Clb1,2, Cln3	- 
11	436.16		Cdh1 	+ Clb1,2, Swi5	- MBF, SBF
00	221.443		Swi5 	+ SBF	- Cdh1, Sic1
00	293.566		Cdc20&Cdc14 	+ Cdh1	- Clb5,6, Mcm1/SFF
11	1024		Clb5,6 	+ 	- 
00	226.493		Sic1 	+ Clb1,2	- Cdc20&Cdc14, Cdh1, Cln3
11	1024		Clb1,2 	+ 	- 
00	208.719		Mcm1/SFF 	+ SBF	- Cln1,2
00	42.9436		Cln3 	+ Cdh1	- Cln1,2, SBF
00	33.9444		MBF 	+ Cdc20&Cdc14	- Clb5,6, Swi5
11	1107		SBF 	+ Cdc20&Cdc14, Cln1,2, Sic1, Swi5	- 
01	512.944		Cln1,2 	+ 	- Cln3
00	248.943		Cdh1 	+ MBF	- Clb5,6, Cln3
11	836.009		Swi5 	+ Cln1,2, Mcm1/SFF, Sic1	- Cdc20&Cdc14, Clb5,6
00	0.943566		Cdc20&Cdc14 	+ 	- 
00	226.943		Clb5,6 	+ Cdc20&Cdc14	- Cln3, Swi5
11	768.167		Sic1 	+ Clb1,2	- Cln1,2
11	768.021		Clb1,2 	+ Sic1	- Cln1,2
01	472.57		Mcm1/SFF 	+ Swi5	- Clb1,2, MBF
00	0.998409		Cln3 	+ 	- Cdc20&Cdc14, Cln1,2
11	587		MBF 	+ Cln3, SBF	- Cdh1
11	1024		SBF 	+ 	- 
10	455		Cln1,2 	+ Cdh1	- 
11	888		Cdh1 	+ Clb5,6, Sic1	- Mcm1/SFF
10	402		Swi5 	+ Cln1,2, Mcm1/SFF	- Cdh1
11	960		Cdc20&Cdc14 	+ Clb5,6, MBF, SBF	- Clb1,2
11	768.002		Clb5,6 	+ MBF	- Mcm1/SFF
00	512.94		Sic1 	+ 	- Cln3
00	49.8002		Clb1,2 	+ Mcm1/SFF	- Cdh1, Clb5,6
00	0.665606		Mcm1/SFF 	+ 	- Cdc20&Cdc14, Clb5,6, SBF, Swi5
10	398		Cln3 	+ Cln1,2	- 
00	430.903		MBF 	+ 	- Mcm1/SFF
10	704		SBF 	+ Swi5	- Clb1,2
10	611		Cln1,2 	+ Cdh1, Cln3	- Clb5,6, Swi5
11	1070		Cdh1 	+ Clb5,6, MBF	- 
11	960		Swi5 	+ Cdc20&Cdc14, Clb1,2, Sic1	- 
11	760.219		Cdc20&Cdc14 	+ Sic1	- Cdh1
11	1043.01		Clb5,6 	+ Cdc20&Cdc14	- 
11	1024.24		Sic1 	+ Clb5,6, Cln3, Mcm1/SFF, SBF	- 
11	768.052		Clb1,2 	+ Swi5	- Sic1
10	482.293		Mcm1/SFF 	+ Clb1,2, Cln3	- MBF, Swi5
01	424.999		Cln3 	+ Cln1,2, Mcm1/SFF	- Clb5,6
00	79.332		MBF 	+ Clb5,6	- Cdc20&Cdc14, Sic1
00	4.33282		SBF 	+ 	- Mcm1/SFF, Swi5
00	180.666		Cln1,2 	+ SBF	- Sic1
01	439.313		Cdh1 	+ 	- Clb1,2
01	441.941		Swi5 	+ Cdh1, Clb1,2, Cln1,2	- 
00	124.333		Cdc20&Cdc14 	+ Mcm1/SFF	- Cln3, MBF
00	68.9992		Clb5,6 	+ Cln1,2	- Swi5
11	673.003		Sic1 	+ Clb5,6, Swi5	- Cdc20&Cdc14, Cln1,2
00	114.313		Clb1,2 	+ SBF	- Cln3, MBF
00	0.266296		Mcm1/SFF 	+ 	- 
11	906		Cln3 	+ Clb5,6, Sic1	- Cdc20&Cdc14
11	899		MBF 	+ SBF, Sic1	- Clb1,2
00	76.5524		SBF 	+ 	- Clb1,2
00	8.48252		Cln1,2 	+ 	- Cdc20&Cdc14, Clb1,2, Mcm1/SFF
00	436.483		Cdh1 	+ Mcm1/SFF, Sic1	- Cdc20&Cdc14, Cln1,2, SBF
00	484.364		Swi5 	+ Sic1	- Cln3, Mcm1/SFF
10	547		Cdc20&Cdc14 	+ Clb5,6	- 
11	1034		Clb5,6 	+ MBF	- 
11	1024.01		Sic1 	+ Cdc20&Cdc14, Clb1,2, Mcm1/SFF	- 
10	348.965		Clb1,2 	+ Cdc20&Cdc14	- Cdh1, Cln1,2
00	512.364		Mcm1/SFF 	+ 	- Swi5
00	8.27729		Cln3 	+ Cln1,2	- Cdh1, Clb1,2
00	208.723		MBF 	+ Cdc20&Cdc14, Sic1	- Swi5
11	640		SBF 	+ Cdh1	- Sic1
00	120.259		Cln1,2 	+ Clb1,2	- Cdh1, Clb5,6
11	928		Cdh1 	+ Clb5,6, Cln1,2	- Mcm1/SFF
00	121.964		Swi5 	+ Cln3, MBF	- 
00	268.242		Cdc20&Cdc14 	+ SBF	- Clb1,2, Sic1
00	0.259309		Clb5,6 	+ Swi5	- Cdh1, SBF
00	72.5166		Sic1 	+ Cln1,2, Mcm1/SFF	- Cdh1
11	752		Clb1,2 	+ Clb5,6	- Cln3
00	0.214377		Mcm1/SFF 	+ 	- 
00	271.873		Cln3 	+ Clb5,6, Mcm1/SFF	- MBF, Swi5
00	256.578		MBF 	+ 	- Clb5,6, Cln3
11	1114		SBF 	+ Cdc20&Cdc14, Clb5,6, MBF, Mcm1/SFF, Swi5	- 
00	172.535		Cln1,2 	+ Cln3	- Clb1,2, SBF
00	249.578		Cdh1 	+ Cdc20&Cdc14	- Clb5,6, SBF, Sic1
11	742.028		Swi5 	+ Cln3	- Clb5,6
11	845.141		Cdc20&Cdc14 	+ Cdh1, Clb1,2, MBF	- Cln1,2
01	512.507		Clb5,6 	+ 	- Clb1,2
01	512.5		Sic1 	+ 	- Clb1,2
00	0.507093		Clb1,2 	+ 	- SBF
00	144.394		Mcm1/SFF 	+ 	- Cdc20&Cdc14
00	271.873		Cln3 	+ Clb5,6, Mcm1/SFF	- MBF, Swi5
00	256.578		MBF 	+ 	- Clb5,6, Cln3
11	1114		SBF 	+ Cdc20&Cdc14, Clb5,6, MBF, Mcm1/SFF, Swi5	- 
00	172.535		Cln1,2 	+ Cln3	- Clb1,2, SBF
00	249.578		Cdh1 	+ Cdc20&Cdc14	- Clb5,6, SBF, Sic1
11	742.028		Swi5 	+ Cln3	- Clb5,6
11	845.141		Cdc20&Cdc14 	+ Cdh1, Clb1,2, MBF	- Cln1,2
01	512.507		Clb5,6 	+ 	- Clb1,2
01	512.5		Sic1 	+ 	- Clb1,2
00	0.507093		Clb1,2 	+ 	- SBF
00	144.394		Mcm1/SFF 	+ 	- Cdc20&Cdc14
00	2.84127		Cln3 	+ Cln1,2	- Clb5,6, MBF, SBF
11	556.19		MBF 	+ Clb1,2, Swi5	- Clb5,6, Mcm1/SFF
11	1075		SBF 	+ Cln1,2	- 
00	0.841269		Cln1,2 	+ 	- MBF, Sic1
11	726.238		Cdh1 	+ Clb1,2, Cln3	- Cdc20&Cdc14, Cln1,2
10	379.238		Swi5 	+ Cdh1	- 
00	0.841269		Cdc20&Cdc14 	+ 	- 
11	948		Clb5,6 	+ Mcm1/SFF, Sic1, Swi5	- Cdh1
11	1024.02		Sic1 	+ Clb1,2, Cln1,2	- 
11	1024.24		Clb1,2 	+ Cdh1	- 
00	240.571		Mcm1/SFF 	+ 	- Cdc20&Cdc14, Cln3
00	0.79183		Cln3 	+ 	- 
11	1024		MBF 	+ Clb1,2	- 
11	768.021		SBF 	+ Sic1	- Mcm1/SFF
00	152.99		Cln1,2 	+ Clb5,6	- MBF, Mcm1/SFF
00	0.79183		Cdh1 	+ 	- Clb5,6, Cln1,2, Mcm1/SFF, Sic1
11	418		Swi5 	+ Cdc20&Cdc14	- SBF
11	790		Cdc20&Cdc14 	+ MBF, Mcm1/SFF	- Swi5
00	0.791496		Clb5,6 	+ 	- Cdc20&Cdc14, Cln1,2, Cln3, Mcm1/SFF
11	1024.03		Sic1 	+ Cdc20&Cdc14, Cdh1, Clb5,6, Cln3	- 
10	216.36		Clb1,2 	+ Clb5,6, SBF	- Cln1,2, Sic1
00	2.59384		Mcm1/SFF 	+ 	- Cdh1, Sic1
00	36.4789		Cln3 	+ Cln1,2	- Clb5,6, SBF, Sic1
11	702.169		MBF 	+ Mcm1/SFF	- Clb1,2
01	512.479		SBF 	+ 	- Cdh1
00	64.9859		Cln1,2 	+ Clb1,2	- 
00	34.5775		Cdh1 	+ 	- Mcm1/SFF
11	844		Swi5 	+ Cdc20&Cdc14, MBF	- Cln1,2
11	894		Cdc20&Cdc14 	+ Cdh1, Clb5,6	- SBF
11	888		Clb5,6 	+ MBF, Swi5	- SBF
11	640		Sic1 	+ Cln3	- SBF
00	88.507		Clb1,2 	+ Cln3	- Mcm1/SFF, Swi5
10	444.282		Mcm1/SFF 	+ Clb5,6	- 
11	556		Cln3 	+ SBF	- 
01	514.5		MBF 	+ 	- Cln1,2
11	1024		SBF 	+ 	- 
00	10.5		Cln1,2 	+ 	- Cdc20&Cdc14, Cdh1
11	1094		Cdh1 	+ Mcm1/SFF, SBF, Sic1, Swi5	- 
01	454.87		Swi5 	+ Mcm1/SFF, Sic1	- Cln3, SBF
01	592		Cdc20&Cdc14 	+ Clb5,6, Cln1,2, Mcm1/SFF	- SBF
00	56.4999		Clb5,6 	+ 	- Cdc20&Cdc14, Mcm1/SFF
00	88.4939		Sic1 	+ SBF	- Cdc20&Cdc14, Cdh1, Clb1,2
01	540.787		Clb1,2 	+ Mcm1/SFF	- SBF
00	56.375		Mcm1/SFF 	+ MBF	- Cdh1, Swi5
00	2.87457		Cln3 	+ 	- Cdh1, Clb1,2, Cln1,2
11	768.225		MBF 	+ Clb1,2	- Cdh1
00	23.8888		SBF 	+ Cln3	- MBF, Sic1
00	8.87457		Cln1,2 	+ SBF	- Cdc20&Cdc14, Cdh1, Cln3, MBF, Swi5
00	128.875		Cdh1 	+ 	- Cln1,2, Cln3, Swi5
01	512.861		Swi5 	+ 	- Sic1
00	0.874566		Cdc20&Cdc14 	+ 	- 
11	1038		Clb5,6 	+ Cdc20&Cdc14, Cln3, Sic1	- 
11	1024		Sic1 	+ 	- 
11	1024.23		Clb1,2 	+ Cdh1, Clb5,6, Mcm1/SFF, SBF	- 
11	896.312		Mcm1/SFF 	+ Clb5,6, Cln3	- Cdc20&Cdc14
11	896.017		Cln3 	+ Clb1,2, Mcm1/SFF	- Cln1,2
11	460		MBF 	+ Clb5,6	- Clb1,2
01	486.452		SBF 	+ Cdh1	- Clb5,6
00	0.324704		Cln1,2 	+ 	- 
10	174.452		Cdh1 	+ MBF	- Mcm1/SFF, SBF
00	0.324704		Swi5 	+ 	- 
00	99.4519		Cdc20&Cdc14 	+ Cdh1	- Cln3
11	778		Clb5,6 	+ Cln1,2	- Swi5
00	38.3233		Sic1 	+ Clb5,6	- Cdh1, Cln1,2, Cln3, MBF
11	1024.1		Clb1,2 	+ Cdc20&Cdc14, Cdh1, Swi5	- 
00	125.671		Mcm1/SFF 	+ Cdc20&Cdc14, Sic1	- Clb1,2, Swi5
00	62.3339		Cln3 	+ 	- Mcm1/SFF, Sic1
11	1094		MBF 	+ Cln3	- 
11	1070		SBF 	+ Cdc20&Cdc14	- 
00	23.3333		Cln1,2 	+ 	- Cdc20&Cdc14
11	929		Cdh1 	+ Cdc20&Cdc14, Swi5	- Cln3
00	64.6667		Swi5 	+ Clb5,6	- 
11	798		Cdc20&Cdc14 	+ Cln1,2, MBF, Mcm1/SFF	- Clb1,2
00	128.333		Clb5,6 	+ 	- Cln1,2, MBF
10	344.999		Sic1 	+ Cdh1, MBF	- Clb5,6, Cln1,2, Mcm1/SFF, SBF
00	245.976		Clb1,2 	+ Mcm1/SFF, Swi5	- Sic1
00	4.26667		Mcm1/SFF 	+ 	- Cdh1, Clb5,6
10	327.274		Cln3 	+ Mcm1/SFF	- 
11	1067		MBF 	+ Swi5	- 
01	566.904		SBF 	+ Clb1,2, Sic1	- Mcm1/SFF
00	512.456		Cln1,2 	+ 	- Clb5,6
11	1024		Cdh1 	+ Clb1,2	- 
11	948		Swi5 	+ Cdh1, Clb5,6	- Cln1,2
10	346.274		Cdc20&Cdc14 	+ Cln3, Sic1	- 
00	70.4563		Clb5,6 	+ MBF	- Cln1,2, Sic1, Swi5
00	388.452		Sic1 	+ SBF, Swi5	- Cdc20&Cdc14, Cdh1, Cln1,2
00	112.419		Clb1,2 	+ Cdc20&Cdc14	- MBF, Sic1
11	661.274		Mcm1/SFF 	+ Cln1,2, SBF, Swi5	- Clb1,2, MBF
11	672		Cln3 	+ Cdc20&Cdc14, Cdh1	- Mcm1/SFF, Sic1
11	955		MBF 	+ Cdh1, Cln3, Swi5	- Clb1,2
11	752.333		SBF 	+ Mcm1/SFF	- Cln3
00	128.998		Cln1,2 	+ 	- Cln3, Swi5
11	1024		Cdh1 	+ 	- 
00	354.799		Swi5 	+ Cdc20&Cdc14	- Clb1,2, MBF
11	840		Cdc20&Cdc14 	+ Cln1,2, Cln3, Sic1	- MBF
00	101.996		Clb5,6 	+ 	- SBF, Swi5
00	428.941		Sic1 	+ Clb1,2	- Clb5,6, Cln3
00	512.799		Clb1,2 	+ 	- Swi5
11	892.333		Mcm1/SFF 	+ Cdc20&Cdc14, Clb1,2, MBF	- 
10	801		Cln3 	+ Cdh1, Sic1	- 
11	1089		MBF 	+ Cln3, Swi5	- 
11	1072		SBF 	+ MBF, Sic1	- 
11	950		Cln1,2 	+ Clb5,6, Mcm1/SFF, SBF	- 
11	1095		Cdh1 	+ Cln1,2, Swi5	- 
00	2.99609		Swi5 	+ 	- Cdh1, Cln3, MBF
10	480		Cdc20&Cdc14 	+ Cln3, SBF	- Clb1,2, Sic1
11	1032		Clb5,6 	+ Cln3	- 
11	1024.06		Sic1 	+ Cdc20&Cdc14, Swi5	- 
11	892.2		Clb1,2 	+ Cdh1, Cln1,2	- Sic1
11	928.333		Mcm1/SFF 	+ Cdh1, Clb5,6, Swi5	- Cln1,2
11	671		Cln3 	+ Clb5,6	- SBF
00	214.496		MBF 	+ SBF	- Clb1,2, Sic1, Swi5
00	336.993		SBF 	+ MBF	- Cln1,2
11	768		Cln1,2 	+ Cdc20&Cdc14	- Mcm1/SFF
11	511.012		Cdh1 	+ Clb5,6	- Swi5
11	864		Swi5 	+ Clb5,6, SBF	- Mcm1/SFF
00	198.869		Cdc20&Cdc14 	+ Mcm1/SFF	- Cln3
10	451.01		Clb5,6 	+ Cdc20&Cdc14, Cdh1	- Clb1,2, Cln1,2
11	1024		Sic1 	+ 	- 
00	150.454		Clb1,2 	+ Clb5,6	- Cdc20&Cdc14, SBF, Sic1
00	153.373		Mcm1/SFF 	+ 	- Cdc20&Cdc14
00	35.9997		Cln3 	+ Sic1	- Clb1,2, SBF
11	794		MBF 	+ Cln3	- Cdh1
11	734		SBF 	+ MBF	- Swi5
11	799.001		Cln1,2 	+ Clb5,6, Mcm1/SFF	- 
00	24.8885		Cdh1 	+ 	- Clb1,2, SBF
00	426.888		Swi5 	+ 	- Cln3
11	729.001		Cdc20&Cdc14 	+ Cln1,2, MBF, Mcm1/SFF	- SBF, Sic1
11	1054		Clb5,6 	+ Clb1,2, Cln3, Mcm1/SFF	- 
11	1024		Sic1 	+ 	- 
11	1024.23		Clb1,2 	+ Cdc20&Cdc14	- 
00	0.601678		Mcm1/SFF 	+ MBF	- Cdc20&Cdc14, Cln1,2, Swi5
00	106.429		Cln3 	+ 	- SBF
11	650.142		MBF 	+ Clb5,6, Mcm1/SFF	- Sic1, Swi5
11	1024		SBF 	+ Clb1,2, Sic1	- 
00	20.4289		Cln1,2 	+ 	- Cdc20&Cdc14, Mcm1/SFF
00	168.429		Cdh1 	+ Cdc20&Cdc14	- Clb5,6, Cln3, SBF, Sic1
11	496.997		Swi5 	+ Mcm1/SFF	- Cln1,2, Sic1
00	280.858		Cdc20&Cdc14 	+ Cdh1, Sic1	- 
00	8.42886		Clb5,6 	+ 	- Mcm1/SFF, SBF
00	280.427		Sic1 	+ Clb5,6	- Cdh1, Cln1,2, Swi5
00	88.4025		Clb1,2 	+ 	- Mcm1/SFF, Sic1
11	416.143		Mcm1/SFF 	+ MBF	- 
11	753		Cln3 	+ Cdh1, Clb5,6	- 
11	1092		MBF 	+ Cdc20&Cdc14, Cln1,2	- 
00	18.6102		SBF 	+ 	- Cdh1, Cln3
00	4.83333		Cln1,2 	+ Mcm1/SFF, Sic1	- Clb5,6, MBF
00	256.61		Cdh1 	+ 	- SBF, Sic1
11	768		Swi5 	+ Cln1,2	- Mcm1/SFF
11	896		Cdc20&Cdc14 	+ Clb1,2, MBF	- Sic1
11	1050		Clb5,6 	+ Cdc20&Cdc14, Swi5	- 
00	116.584		Sic1 	+ Cln3	- Cdh1, Clb5,6, SBF
00	119.522		Clb1,2 	+ Cln1,2	- SBF, Swi5
00	16.4069		Mcm1/SFF 	+ 	- Cdc20&Cdc14, MBF
00	146.5		Cln3 	+ SBF	- Cdc20&Cdc14, Clb1,2, Sic1
11	1100		MBF 	+ Cln3, Mcm1/SFF	- 
11	1024		SBF 	+ 	- 
00	327.667		Cln1,2 	+ Sic1, Swi5	- 
11	1134		Cdh1 	+ Cdc20&Cdc14, Cln1,2, MBF	- 
00	224.5		Swi5 	+ Mcm1/SFF	- Clb5,6, Cln3
10	133		Cdc20&Cdc14 	+ Cln3	- Swi5
11	528		Clb5,6 	+ SBF, Swi5	- Cdc20&Cdc14, Sic1
00	40.4939		Sic1 	+ Cln1,2	- MBF, Swi5
00	74.3337		Clb1,2 	+ Cdc20&Cdc14	- Mcm1/SFF, Sic1
11	768.25		Mcm1/SFF 	+ Cdh1, MBF	- 
10	512.227		Cln3 	+ Clb1,2	- 
11	1024		MBF 	+ 	- 
00	0.881464		SBF 	+ 	- Cln1,2, Cln3, MBF, Mcm1/SFF, Sic1
11	819		Cln1,2 	+ Cdc20&Cdc14, Swi5	- 
11	1097		Cdh1 	+ Cln1,2, Cln3	- 
11	935		Swi5 	+ Cln1,2, Cln3, SBF	- 
00	384.881		Cdc20&Cdc14 	+ 	- Clb5,6
10	450.452		Clb5,6 	+ Mcm1/SFF	- Cln1,2
10	680.006		Sic1 	+ Cdc20&Cdc14, Cdh1	- Clb5,6, SBF
11	1024.23		Clb1,2 	+ Cln1,2, MBF	- 
11	704.085		Mcm1/SFF 	+ Cdc20&Cdc14, Clb1,2	- MBF, SBF
11	732		Cln3 	+ Cdc20&Cdc14	- Clb1,2
11	1024		MBF 	+ Clb1,2	- 
00	78.75		SBF 	+ Cdc20&Cdc14, Cdh1	- Clb5,6, Cln1,2
00	45		Cln1,2 	+ SBF	- 
00	120.46		Cdh1 	+ Mcm1/SFF, Swi5	- Clb1,2, Cln3
00	0.25002		Swi5 	+ 	- 
00	0.499621		Cdc20&Cdc14 	+ Sic1	- 
00	0.250019		Clb5,6 	+ 	- Cdc20&Cdc14, MBF, SBF
00	0.249601		Sic1 	+ Clb5,6	- Cdc20&Cdc14, MBF
00	39.2404		Clb1,2 	+ 	- Cln1,2, SBF
00	64.2083		Mcm1/SFF 	+ 	- Cdh1, Clb1,2
11	496.686		Cln3 	+ MBF	- Clb1,2, Mcm1/SFF
11	466		MBF 	+ Cdc20&Cdc14	- Cdh1
00	10.5429		SBF 	+ Cdc20&Cdc14	- Cdh1, Mcm1/SFF, Swi5
00	103.944		Cln1,2 	+ Clb1,2	- Swi5
01	407.543		Cdh1 	+ Sic1	- Cln1,2, Cln3
11	921		Swi5 	+ Cln1,2, Cln3	- Clb1,2
00	1.54286		Cdc20&Cdc14 	+ 	- Clb5,6, MBF, Mcm1/SFF, Sic1
00	250.542		Clb5,6 	+ 	- Cdh1
11	800.027		Sic1 	+ Cdc20&Cdc14, Clb5,6	- SBF
00	187.457		Clb1,2 	+ 	- Cln3, MBF
00	112.4		Mcm1/SFF 	+ 	- Swi5
00	45.2069		Cln3 	+ 	- MBF
11	1131		MBF 	+ Cdh1, SBF	- 
00	21.4138		SBF 	+ Cln1,2	- Mcm1/SFF
00	71.2069		Cln1,2 	+ Clb1,2	- Cdh1, SBF, Sic1
01	395.207		Cdh1 	+ Cln3, Swi5	- Clb5,6, Cln1,2, Sic1
11	448.345		Swi5 	+ Cdc20&Cdc14	- Cln3, Mcm1/SFF
11	980		Cdc20&Cdc14 	+ Clb1,2, Cln3, MBF	- 
00	84.2069		Clb5,6 	+ 	- MBF
11	547		Sic1 	+ MBF, Swi5	- Cdc20&Cdc14, Cdh1
00	84.614		Clb1,2 	+ Clb5,6, SBF	- Mcm1/SFF
00	62.7931		Mcm1/SFF 	+ Clb1,2, Cln3	- 
00	4.48962		Cln3 	+ MBF	- Clb1,2, Clb5,6, Mcm1/SFF
00	54.4826		MBF 	+ 	- Cdh1, Clb1,2
00	74.4826		SBF 	+ 	- Cdc20&Cdc14
00	6.4826		Cln1,2 	+ Mcm1/SFF	- Cdc20&Cdc14, SBF, Swi5
11	554.07		Cdh1 	+ Swi5	- Cdc20&Cdc14
11	512.105		Swi5 	+ Clb1,2	- 
11	784		Cdc20&Cdc14 	+ Clb1,2, Clb5,6	- 
11	689		Clb5,6 	+ MBF	- SBF
00	112.514		Sic1 	+ 	- Clb1,2
11	1024.1		Clb1,2 	+ Cln1,2	- 
00	78.8811		Mcm1/SFF 	+ Cln3, MBF, Sic1	- Cdc20&Cdc14
00	83.368		Cln3 	+ Swi5	- SBF, Sic1
11	922		MBF 	+ Clb1,2, Swi5	- Cln1,2
00	108.384		SBF 	+ Mcm1/SFF	- Cdh1, Clb1,2
00	48.3629		Cln1,2 	+ 	- Clb1,2, Swi5
00	0.635246		Cdh1 	+ Mcm1/SFF	- MBF
00	4.99819		Swi5 	+ Cdh1	- 
11	768.006		Cdc20&Cdc14 	+ Sic1	- Mcm1/SFF
00	28.3629		Clb5,6 	+ 	- MBF
11	884.007		Sic1 	+ Cdh1, Clb1,2	- Cln1,2
00	0.668418		Clb1,2 	+ SBF, Sic1	- Cdc20&Cdc14, MBF
00	12.2723		Mcm1/SFF 	+ 	- Clb5,6, Cln3, Sic1
00	96.25		Cln3 	+ 	- SBF
00	64.25		MBF 	+ Swi5	- Cdc20&Cdc14, Cdh1, SBF
11	1086		SBF 	+ Cdh1, Clb1,2	- 
11	916		Cln1,2 	+ Cdh1, SBF	- MBF
00	0.75		Cdh1 	+ Swi5	- Clb5,6
00	32.5		Swi5 	+ Cln3, Sic1	- 
00	280.96		Cdc20&Cdc14 	+ Cdh1, Clb1,2	- 
11	1098		Clb5,6 	+ Cln3, MBF, Mcm1/SFF	- 
00	0.249601		Sic1 	+ 	- Cdh1, Clb5,6, Cln1,2, SBF
01	480.24		Clb1,2 	+ 	- MBF
11	896.167		Mcm1/SFF 	+ Clb5,6, Cln1,2	- MBF
11	912		Cln3 	+ Cdh1, Sic1	- Cdc20&Cdc14
00	4.74836		MBF 	+ 	- Clb5,6, Cln3
01	512.748		SBF 	+ 	- MBF
00	0.74836		Cln1,2 	+ 	- Cdc20&Cdc14, Cdh1
11	1079		Cdh1 	+ Cln1,2, Mcm1/SFF, Sic1	- 
00	48.7484		Swi5 	+ 	- Cdc20&Cdc14, Mcm1/SFF, SBF
00	0.942879		Cdc20&Cdc14 	+ Sic1	- Cdh1, Mcm1/SFF
00	5.74807		Clb5,6 	+ 	- Cdh1, Cln1,2, MBF
11	1024.01		Sic1 	+ Cdh1	- 
11	896.156		Clb1,2 	+ Cdc20&Cdc14, Cln3	- Swi5
10	448.479		Mcm1/SFF 	+ Clb1,2	- 
11	987		Cln3 	+ Cdh1, Clb1,2, SBF	- Cln1,2
11	1024		MBF 	+ 	- 
00	482.989		SBF 	+ Swi5	- Clb1,2
11	836		Cln1,2 	+ Clb5,6, Sic1	- Swi5
10	704		Cdh1 	+ Cdc20&Cdc14, Cln3	- Clb5,6, MBF
00	512.495		Swi5 	+ SBF	- MBF, Sic1
10	659		Cdc20&Cdc14 	+ Cln3	- Mcm1/SFF
11	1024		Clb5,6 	+ 	- 
00	204.495		Sic1 	+ 	- Cdh1
11	944.104		Clb1,2 	+ Cln3, SBF, Swi5	- Sic1
10	585.255		Mcm1/SFF 	+ Cdc20&Cdc14, Cdh1	- Cln3
00	368.395		Cln3 	+ 	- Mcm1/SFF
00	324.59		MBF 	+ Clb1,2	- Cdc20&Cdc14, Cdh1
00	364.604		SBF 	+ Clb5,6	- MBF, Swi5
10	558.014		Cln1,2 	+ MBF, Sic1	- 
00	610.778		Cdh1 	+ Cln3	- Sic1
10	584.021		Swi5 	+ SBF, Sic1	- 
11	926		Cdc20&Cdc14 	+ Clb5,6, Swi5	- Cln3
11	1061		Clb5,6 	+ Cdc20&Cdc14, Clb1,2, Cln3	- 
11	1024		Sic1 	+ 	- 
11	668.159		Clb1,2 	+ Sic1, Swi5	- Cdh1
00	304.789		Mcm1/SFF 	+ MBF	- Cln1,2
00	128.25		Cln3 	+ 	- Clb1,2, SBF
11	1054		MBF 	+ Clb5,6	- 
00	120.5		SBF 	+ Cdc20&Cdc14, Swi5	- Clb1,2, Cln1,2
10	309.992		Cln1,2 	+ Cdc20&Cdc14, Mcm1/SFF	- 
11	1089		Cdh1 	+ Mcm1/SFF, SBF	- 
00	256.25		Swi5 	+ 	- Cln3, Mcm1/SFF
10	180.5		Cdc20&Cdc14 	+ Cln1,2	- Cln3, SBF, Sic1, Swi5
11	1061		Clb5,6 	+ MBF, Sic1	- 
00	108.49		Sic1 	+ Clb1,2	- Cln1,2
00	112.24		Clb1,2 	+ 	- Cdh1, Mcm1/SFF
10	308.958		Mcm1/SFF 	+ MBF	- Cdc20&Cdc14, Clb1,2, Swi5
00	0.500046		Cln3 	+ 	- Cdc20&Cdc14, Swi5
11	1089		MBF 	+ Cln3	- 
00	17.5		SBF 	+ 	- Cdh1, Clb1,2, Cln1,2, Mcm1/SFF, Sic1
00	174.5		Cln1,2 	+ Clb5,6	- Cdc20&Cdc14, SBF
00	72.5		Cdh1 	+ Clb1,2	- Cdc20&Cdc14, SBF, Sic1
00	0.500046		Swi5 	+ Cln3	- Cdc20&Cdc14, Clb1,2, Cln1,2, SBF
11	569		Cdc20&Cdc14 	+ MBF	- 
00	135		Clb5,6 	+ Cdh1	- Mcm1/SFF
11	1024.01		Sic1 	+ Clb1,2, Mcm1/SFF	- 
11	1024.1		Clb1,2 	+ Swi5	- 
11	896.25		Mcm1/SFF 	+ Cdh1, MBF	- SBF
10	356.726		Cln3 	+ Swi5	- Clb1,2, Clb5,6
11	1082		MBF 	+ Cln1,2	- 
11	1101		SBF 	+ Cln3	- 
00	197.883		Cln1,2 	+ Cdc20&Cdc14	- 
00	265.246		Cdh1 	+ 	- Cln3
10	514.065		Swi5 	+ MBF, Mcm1/SFF	- Cln1,2, Sic1
00	394.693		Cdc20&Cdc14 	+ Clb1,2, Sic1	- Cln1,2, Cln3
00	134.246		Clb5,6 	+ Mcm1/SFF	- Cdc20&Cdc14, SBF
11	1024		Sic1 	+ Clb1,2	- 
00	72.4463		Clb1,2 	+ Clb5,6, Cln3	- SBF, Sic1
11	846.126		Mcm1/SFF 	+ Cdh1, MBF	- Clb5,6
00	0.54172		Cln3 	+ 	- 
11	688.114		MBF 	+ Mcm1/SFF	- Clb1,2
11	340.799		SBF 	+ Cln3, MBF	- Clb1,2, Clb5,6, Swi5
00	144.555		Cln1,2 	+ 	- Sic1
00	148.656		Cdh1 	+ Clb1,2	- SBF, Swi5
01	512.542		Swi5 	+ 	- Clb5,6
00	0.54172		Cdc20&Cdc14 	+ 	- 
00	136.541		Clb5,6 	+ 	- Cdc20&Cdc14, Cdh1
11	768.028		Sic1 	+ MBF, SBF	- Swi5
00	236.349		Clb1,2 	+ SBF, Swi5	- Cln3, MBF, Mcm1/SFF
01	321.746		Mcm1/SFF 	+ Clb1,2, SBF	- Cln1,2, Sic1
00	216.26		Cln3 	+ Clb5,6	- Clb1,2, MBF
11	731		MBF 	+ Cdc20&Cdc14, Sic1, Swi5	- Mcm1/SFF, SBF
01	486.25		SBF 	+ 	- Swi5
00	11.25		Cln1,2 	+ 	- Clb1,2, MBF, SBF
01	476.5		Cdh1 	+ SBF	- Mcm1/SFF
10	305.75		Swi5 	+ Cdc20&Cdc14, Mcm1/SFF	- Cdh1, Clb1,2, Clb5,6, SBF
00	128.25		Cdc20&Cdc14 	+ 	- Cln3, Sic1
00	256.25		Clb5,6 	+ 	- Clb1,2, Cln1,2
11	1024		Sic1 	+ Clb5,6	- 
01	512.24		Clb1,2 	+ 	- Cdc20&Cdc14
01	500.958		Mcm1/SFF 	+ Clb5,6, Cln3	- Swi5
00	43.3474		Cln3 	+ 	- Swi5
11	1071		MBF 	+ Cdh1	- 
11	1024		SBF 	+ 	- 
01	532.979		Cln1,2 	+ Clb1,2	- SBF
00	18.3474		Cdh1 	+ Swi5	- Clb5,6, MBF, Sic1
11	909		Swi5 	+ Cdc20&Cdc14, Clb5,6	- Mcm1/SFF
00	73.621		Cdc20&Cdc14 	+ Cln3, Mcm1/SFF, SBF	- Cln1,2, MBF, Swi5
11	897		Clb5,6 	+ Clb1,2, Swi5	- Cln1,2
00	350.344		Sic1 	+ 	- Cln1,2
00	53.6316		Clb1,2 	+ Cdh1	- Swi5
00	30.2737		Mcm1/SFF 	+ 	- Cdc20&Cdc14, Cdh1, Cln3, Sic1
11	922		Cln3 	+ Cdc20&Cdc14, Cdh1, Clb5,6, Swi5	- Sic1
11	1089		MBF 	+ Cdc20&Cdc14, Mcm1/SFF, Sic1	- 
11	640.003		SBF 	+ Sic1	- Cln3
10	278.546		Cln1,2 	+ Clb5,6, Swi5	- Cdc20&Cdc14, Mcm1/SFF
11	530.004		Cdh1 	+ SBF	- Cdc20&Cdc14
00	0.273795		Swi5 	+ 	- 
00	472.814		Cdc20&Cdc14 	+ Mcm1/SFF	- SBF
11	595		Clb5,6 	+ Cdh1	- Clb1,2
11	1024.01		Sic1 	+ Clb1,2	- 
00	0.252633		Clb1,2 	+ Mcm1/SFF	- MBF, SBF
00	39.5476		Mcm1/SFF 	+ Cln1,2	- MBF
00	1.79766		Cln3 	+ 	- Cdc20&Cdc14, Cdh1, Sic1
11	1063		MBF 	+ Cdh1, Mcm1/SFF	- 
00	240		SBF 	+ Swi5	- Cln1,2, Mcm1/SFF
11	594		Cln1,2 	+ Cdc20&Cdc14	- Cdh1
11	1091		Cdh1 	+ MBF, Swi5	- 
00	44.8017		Swi5 	+ Cln3	- Cdc20&Cdc14, Mcm1/SFF, Sic1
11	875		Cdc20&Cdc14 	+ Clb5,6, Cln3	- SBF
11	785.001		Clb5,6 	+ Cdh1, Swi5	- MBF
11	1024.03		Sic1 	+ Cdc20&Cdc14	- 
00	88.6844		Clb1,2 	+ Swi5	- Clb5,6, Cln1,2
11	583.231		Mcm1/SFF 	+ Clb5,6, Cln1,2	- Clb1,2, MBF
11	832.001		Cln3 	+ Clb1,2, Sic1	- Swi5
00	128.5		MBF 	+ 	- Clb5,6, Swi5
11	856		SBF 	+ Clb5,6, Cln3, Mcm1/SFF	- Cdh1, MBF
00	0.499786		Cln1,2 	+ 	- Cdc20&Cdc14, Sic1
00	4.50124		Cdh1 	+ 	- Mcm1/SFF, Sic1
00	0.999571		Swi5 	+ Cln1,2	- 
10	461.25		Cdc20&Cdc14 	+ Mcm1/SFF	- 
00	256.5		Clb5,6 	+ 	- Cln1,2, MBF
11	1024.01		Sic1 	+ Clb1,2	- 
11	704.061		Clb1,2 	+ SBF, Sic1	- Cln1,2, MBF
11	923.25		Mcm1/SFF 	+ Clb5,6, Cln3, SBF, Swi5	- 
11	758		Cln3 	+ SBF	- Cdh1
00	287.601		MBF 	+ Mcm1/SFF, Sic1	- Cdc20&Cdc14, Cln3
00	176.335		SBF 	+ 	- MBF, Swi5
00	178.337		Cln1,2 	+ SBF	- Clb5,6, Sic1
00	213.335		Cdh1 	+ 	- MBF, Mcm1/SFF
00	101.335		Swi5 	+ 	- Clb1,2, Cln3
01	366.67		Cdc20&Cdc14 	+ Cdh1, SBF	- Clb5,6
11	1061		Clb5,6 	+ Cln3	- 
00	208.333		Sic1 	+ Swi5	- Cln1,2, MBF
00	301.958		Clb1,2 	+ Cdc20&Cdc14, Cln1,2, MBF	- Clb5,6, SBF, Swi5
00	352.267		Mcm1/SFF 	+ 	- Cln3
11	768		Cln3 	+ Cdc20&Cdc14	- Mcm1/SFF
11	914		MBF 	+ Sic1, Swi5	- Cln1,2
00	46.9844		SBF 	+ Clb1,2	- Cdh1, MBF
00	24.9688		Cln1,2 	+ 	- Clb5,6, Mcm1/SFF, Swi5
11	1071		Cdh1 	+ SBF	- 
00	128.998		Swi5 	+ 	- Cdc20&Cdc14, Clb5,6
11	600.333		Cdc20&Cdc14 	+ Cln3, Mcm1/SFF	- MBF, Swi5
10	551.059		Clb5,6 	+ Cln1,2, Sic1	- Cln3, SBF
11	1024.06		Sic1 	+ Cdc20&Cdc14	- 
11	1024.2		Clb1,2 	+ Swi5	- 
00	48.6667		Mcm1/SFF 	+ 	- Cdc20&Cdc14, Clb5,6
00	0.666664		Cln3 	+ 	- SBF, Sic1
11	1063		MBF 	+ Cdc20&Cdc14	- 
11	768.434		SBF 	+ Mcm1/SFF	- Swi5
11	915		Cln1,2 	+ Mcm1/SFF, SBF	- Clb5,6
00	35.6667		Cdh1 	+ 	- Cln3, Sic1
00	0.666664		Swi5 	+ 	- 
11	654.222		Cdc20&Cdc14 	+ SBF	- Cln1,2
00	474.667		Clb5,6 	+ MBF	- Cln1,2, Swi5
11	562.449		Sic1 	+ Clb1,2, Clb5,6, Cln3, Swi5	- Mcm1/SFF
10	526.374		Clb1,2 	+ Cdc20&Cdc14, Clb5,6	- Sic1
11	896.434		Mcm1/SFF 	+ Clb1,2, MBF	- Cdh1
00	0.885714		Cln3 	+ 	- Cdc20&Cdc14, Clb1,2, Mcm1/SFF, Sic1
00	10.9861		MBF 	+ 	- Clb1,2
11	1073		SBF 	+ Cln1,2	- 
11	942		Cln1,2 	+ Cdc20&Cdc14, MBF	- Cln3
00	450.886		Cdh1 	+ Sic1	- Cdc20&Cdc14, Cln1,2
11	1033		Swi5 	+ Cdh1, Clb5,6, Cln3, Mcm1/SFF	- Clb1,2
11	796		Cdc20&Cdc14 	+ SBF	- Cdh1
11	1033		Clb5,6 	+ Sic1, Swi5	- 
11	991.027		Sic1 	+ Cdh1, Cln1,2, MBF, Swi5	- Cdc20&Cdc14
11	1024.23		Clb1,2 	+ SBF	- 
10	704.314		Mcm1/SFF 	+ Cdc20&Cdc14, Clb1,2	- 
00	282.353		Cln3 	+ MBF	- Cdh1, Clb1,2
11	631		MBF 	+ Clb5,6	- Cdh1
11	1085		SBF 	+ Clb1,2, Mcm1/SFF, Swi5	- 
00	346.333		Cln1,2 	+ Clb5,6	- Cdh1, Cln3
00	111.667		Cdh1 	+ Cln1,2	- SBF
00	72.3333		Swi5 	+ 	- MBF
00	448.333		Cdc20&Cdc14 	+ 	- Cln3
01	625.667		Clb5,6 	+ Cln1,2, Sic1, Swi5	- Cdc20&Cdc14, MBF
10	508.665		Sic1 	+ SBF	- Cdh1, Cln1,2
11	1024.06		Clb1,2 	+ Cdc20&Cdc14, Sic1	- 
10	512.243		Mcm1/SFF 	+ Clb1,2	- 
00	28		Cln3 	+ Clb5,6	- 
11	1024		MBF 	+ Mcm1/SFF	- 
11	1080		SBF 	+ Cln3	- 
00	4.48254		Cln1,2 	+ 	- Cdh1, Clb1,2, Swi5
11	979		Cdh1 	+ Cdc20&Cdc14, Mcm1/SFF, SBF	- Cln3
00	254.965		Swi5 	+ Cdc20&Cdc14, Cln1,2	- Cdh1, Cln3
11	896.001		Cdc20&Cdc14 	+ Mcm1/SFF, Sic1	- Cln1,2
00	27.5175		Clb5,6 	+ Cln1,2	- Cdc20&Cdc14, Clb1,2
00	314.479		Sic1 	+ 	- Swi5
11	896.105		Clb1,2 	+ MBF, Swi5	- Cln1,2
00	0.391623		Mcm1/SFF 	+ Cln1,2	- Clb1,2, SBF
11	776		Cln3 	+ SBF	- Clb5,6
10	428.029		MBF 	+ Clb1,2, Cln3, Mcm1/SFF	- Cln1,2, SBF
11	896		SBF 	+ Cln3, Swi5	- Mcm1/SFF
11	992		Cln1,2 	+ Clb5,6, Mcm1/SFF, Swi5	- Sic1
10	139.744		Cdh1 	+ MBF	- Mcm1/SFF, Sic1, Swi5
00	28.4995		Swi5 	+ Sic1	- Cln3
00	133.251		Cdc20&Cdc14 	+ 	- MBF, Mcm1/SFF
00	320.251		Clb5,6 	+ 	- Swi5
00	192.249		Sic1 	+ 	- Swi5
11	720.013		Clb1,2 	+ Cdh1	- Cdc20&Cdc14
10	416.667		Mcm1/SFF 	+ Cdh1	- Swi5
00	256.595		Cln3 	+ 	- Clb1,2, SBF
11	1107		MBF 	+ Clb1,2, Clb5,6, Cln3, SBF	- 
00	4.59531		SBF 	+ 	- Cdc20&Cdc14
11	900		Cln1,2 	+ Cdc20&Cdc14, Sic1	- Clb5,6
11	930		Cdh1 	+ Clb5,6, MBF	- Cdc20&Cdc14
00	10.9444		Swi5 	+ Mcm1/SFF	- 
11	895		Cdc20&Cdc14 	+ Clb1,2, Cln1,2, Mcm1/SFF, SBF	- 
11	1040		Clb5,6 	+ Cdh1	- 
11	1024.03		Sic1 	+ MBF	- 
00	0.510638		Clb1,2 	+ 	- Cln3, MBF
00	5.40469		Mcm1/SFF 	+ Cln1,2	- Sic1, Swi5
10	512.989		Cln3 	+ Clb1,2	- Clb5,6, Sic1
10	298.252		MBF 	+ SBF	- Cln1,2
10	427.126		SBF 	+ Clb5,6, Mcm1/SFF	- Cdc20&Cdc14, Swi5
11	783		Cln1,2 	+ MBF	- Swi5
11	1100		Cdh1 	+ Cln1,2, SBF	- 
00	110.503		Swi5 	+ Clb1,2	- Cdh1, Clb5,6, Cln1,2, Cln3
11	996		Cdc20&Cdc14 	+ Cdh1, Clb5,6, MBF	- Sic1
00	129.503		Clb5,6 	+ 	- SBF
00	512.494		Sic1 	+ 	- Cln3
11	1024.1		Clb1,2 	+ Mcm1/SFF, Sic1	- 
11	808.252		Mcm1/SFF 	+ Cln1,2, Swi5	- Clb5,6
10	281.25		Cln3 	+ Mcm1/SFF, SBF	- Cdh1, Clb5,6
00	386.697		MBF 	+ Clb5,6	- Cdh1, Swi5
11	595.074		SBF 	+ Clb1,2	- Cln1,2
00	133.7		Cln1,2 	+ Clb1,2	- MBF, Sic1
11	1056		Cdh1 	+ Cdc20&Cdc14	- 
00	512.697		Swi5 	+ 	- MBF
11	831		Cdc20&Cdc14 	+ Cdh1, Cln3	- 
11	1024		Clb5,6 	+ 	- 
11	1024.02		Sic1 	+ Clb1,2, Cln3, Swi5	- 
00	163.881		Clb1,2 	+ 	- Mcm1/SFF
10	386.303		Mcm1/SFF 	+ Clb1,2, MBF, SBF	- Cdc20&Cdc14, Cln1,2, Swi5
10	256.082		Cln3 	+ Cdc20&Cdc14	- 
11	962		MBF 	+ Cln1,2, Sic1, Swi5	- Clb1,2
11	778		SBF 	+ Cln1,2	- Cdh1
11	973		Cln1,2 	+ Cdc20&Cdc14, Clb1,2, SBF	- Cln3
10	704.027		Cdh1 	+ Sic1	- Cln1,2
10	523		Swi5 	+ Clb5,6, Cln3	- Cdh1, Mcm1/SFF
10	512.082		Cdc20&Cdc14 	+ Sic1	- 
11	1076		Clb5,6 	+ Cdh1, Cln3	- 
11	1024.08		Sic1 	+ Clb1,2	- 
11	760.422		Clb1,2 	+ MBF, SBF	- Clb5,6
10	657.6		Mcm1/SFF 	+ Clb1,2, Swi5	- MBF
00	0.499811		Cln3 	+ 	- Cdh1, Cln1,2, MBF
00	146.994		MBF 	+ Sic1	- Clb5,6
11	1024		SBF 	+ 	- 
00	0.999621		Cln1,2 	+ Cln3	- 
11	1082		Cdh1 	+ SBF	- 
00	20.4998		Swi5 	+ 	- Clb1,2, Cln1,2
11	768.038		Cdc20&Cdc14 	+ Clb1,2	- Mcm1/SFF
11	604		Clb5,6 	+ Cdc20&Cdc14, Cdh1	- Clb1,2, Swi5
00	50.4939		Sic1 	+ Cln1,2	- Cdc20&Cdc14, Cdh1, Clb5,6
11	842.063		Clb1,2 	+ Cdc20&Cdc14, Cln3, Swi5	- MBF
00	39.4122		Mcm1/SFF 	+ Cln3	- Cdh1, Clb1,2
00	308.517		Cln3 	+ Cdh1	- Cln1,2, SBF
00	368.965		MBF 	+ Cdc20&Cdc14	- Clb1,2
11	768.105		SBF 	+ Clb1,2	- Cln1,2
00	0.482258		Cln1,2 	+ 	- 
01	559.959		Cdh1 	+ Cdc20&Cdc14	- Swi5
11	595.108		Swi5 	+ Sic1	- Clb1,2
00	164.482		Cdc20&Cdc14 	+ Sic1	- MBF, SBF
00	266.482		Clb5,6 	+ Cln3	- Cdc20&Cdc14, Swi5
11	683.11		Sic1 	+ Mcm1/SFF, SBF	- MBF
11	832.105		Clb1,2 	+ Cdc20&Cdc14, Cdh1	- MBF
10	290.846		Mcm1/SFF 	+ Cdh1	- Clb5,6, Cln3
00	235.241		Cln3 	+ 	- Mcm1/SFF
11	512.965		MBF 	+ Clb1,2	- Cln1,2, Cln3
00	0.213584		SBF 	+ 	- Clb1,2
10	349.552		Cln1,2 	+ Mcm1/SFF	- Cln3, Swi5
10	300.586		Cdh1 	+ Clb5,6, Cln1,2, MBF	- Clb1,2, Swi5
00	303.655		Swi5 	+ Cln1,2	- MBF
00	217.276		Cdc20&Cdc14 	+ Cln3	- Clb5,6, MBF
00	19.2069		Clb5,6 	+ 	- Cln1,2, Cln3
11	506.104		Sic1 	+ Cdh1	- Cdc20&Cdc14
11	1024.03		Clb1,2 	+ MBF, SBF	- 
11	669.069		Mcm1/SFF 	+ Cdh1, MBF, Sic1	- Cdc20&Cdc14, Clb1,2
10	266.724		Cln3 	+ Cdh1	- Clb5,6, Cln1,2, Mcm1/SFF
11	1079		MBF 	+ Cln1,2	- 
00	0.361903		SBF 	+ 	- Cdh1, Clb1,2
00	0.361903		Cln1,2 	+ Cln3	- MBF, Swi5
11	1084		Cdh1 	+ Clb1,2, Cln3	- 
11	1062		Swi5 	+ Cdh1, Clb1,2, Clb5,6, Cln1,2	- Cdc20&Cdc14
00	12.3619		Cdc20&Cdc14 	+ 	- Clb1,2, Clb5,6, Mcm1/SFF
00	192.362		Clb5,6 	+ 	- MBF
00	32.3594		Sic1 	+ 	- Cdh1
11	1024.08		Clb1,2 	+ Cln1,2, SBF	- 
00	112.549		Mcm1/SFF 	+ Sic1	- Clb1,2
11	768.053		Cln3 	+ Clb1,2	- Sic1
11	1073		MBF 	+ SBF, Sic1	- 
11	1078		SBF 	+ Cdc20&Cdc14, Cdh1, Clb5,6, MBF	- Swi5
00	0.473332		Cln1,2 	+ 	- 
11	1084		Cdh1 	+ Clb5,6, Cln1,2	- 
00	0.946664		Swi5 	+ Cln1,2	- 
11	1005		Cdc20&Cdc14 	+ Cdh1, Clb1,2, Cln1,2	- Cln3
11	904		Clb5,6 	+ Cdh1, SBF	- Clb1,2
00	56.9692		Sic1 	+ Cln1,2, Swi5	- Clb1,2, Cln3
11	1024.11		Clb1,2 	+ Cln1,2, Mcm1/SFF	- 
11	820.241		Mcm1/SFF 	+ Cdc20&Cdc14, Cln3	- MBF
10	248.397		Cln3 	+ Cdc20&Cdc14, Clb1,2	- 
00	40.7911		MBF 	+ 	- Cln3
11	1024		SBF 	+ 	- 
10	583		Cln1,2 	+ Cln3, Mcm1/SFF, SBF	- Cdh1, MBF
11	674		Cdh1 	+ Clb5,6, Cln1,2	- MBF, Mcm1/SFF
11	917		Swi5 	+ Clb1,2, Clb5,6	- MBF
10	256.197		Cdc20&Cdc14 	+ Mcm1/SFF	- Cdh1
11	1067		Clb5,6 	+ Mcm1/SFF, Sic1, Swi5	- 
11	1024.03		Sic1 	+ Cdc20&Cdc14	- 
00	131.69		Clb1,2 	+ 	- Sic1
10	568.199		Mcm1/SFF 	+ SBF	- Cdc20&Cdc14
00	0.888021		Cln3 	+ 	- 
00	0.888021		MBF 	+ 	- Cln1,2, Mcm1/SFF
01	512.887		SBF 	+ 	- Clb5,6
11	1015		Cln1,2 	+ Clb1,2, Cln3, Mcm1/SFF, Sic1	- 
11	733.002		Cdh1 	+ Clb5,6, MBF, Swi5	- SBF, Sic1
00	0.888021		Swi5 	+ 	- 
11	704.222		Cdc20&Cdc14 	+ Clb1,2, Cln1,2	- Clb5,6, Sic1
00	0.887153		Clb5,6 	+ Cln3	- Cdc20&Cdc14, SBF
00	0.861969		Sic1 	+ 	- Cdc20&Cdc14, Cdh1, Cln1,2
11	1024.23		Clb1,2 	+ Cdh1, Cln1,2, MBF	- 
11	936.315		Mcm1/SFF 	+ Clb5,6, Cln3, MBF	- Sic1
00	185.241		Cln3 	+ SBF	- MBF, Swi5
00	48.4828		MBF 	+ Clb5,6, Cln3	- Cdh1, Sic1
00	0.275862		SBF 	+ 	- Mcm1/SFF
00	0.724138		Cln1,2 	+ Mcm1/SFF	- 
11	1082		Cdh1 	+ Cdc20&Cdc14	- 
00	115		Swi5 	+ Cln1,2, SBF	- Cdh1, Cln3
00	146.517		Cdc20&Cdc14 	+ Cln3, SBF	- 
00	120.241		Clb5,6 	+ 	- MBF, SBF
11	468.701		Sic1 	+ Cdh1	- Clb1,2, MBF
00	107.501		Clb1,2 	+ Cdc20&Cdc14, SBF	- Cdh1, Swi5
00	0.482759		Mcm1/SFF 	+ SBF	- 
11	874.001		Cln3 	+ Cln1,2, SBF	- Cdc20&Cdc14
11	1024		MBF 	+ Mcm1/SFF	- 
00	220.5		SBF 	+ 	- Cdh1, Clb1,2
00	54.4996		Cln1,2 	+ Mcm1/SFF	- MBF, Swi5
00	64.4996		Cdh1 	+ 	- Clb5,6, Swi5
00	119.999		Swi5 	+ SBF, Sic1	- 
00	81.5004		Cdc20&Cdc14 	+ 	- Clb1,2, Sic1
11	518.999		Clb5,6 	+ MBF	- Cdc20&Cdc14, Cdh1
00	8.49385		Sic1 	+ 	- Cdc20&Cdc14, Cdh1, Clb1,2, Clb5,6, Cln1,2
00	164.563		Clb1,2 	+ Cdc20&Cdc14	- Cln3, Mcm1/SFF
00	54.3747		Mcm1/SFF 	+ Cln1,2	- Clb5,6, Cln3
11	706.014		Cln3 	+ Clb1,2, Mcm1/SFF	- Swi5
11	1024		MBF 	+ 	- 
00	384.552		SBF 	+ Sic1	- Clb1,2, Clb5,6
00	60.4825		Cln1,2 	+ 	- Cln3, SBF
01	549.965		Cdh1 	+ Cdc20&Cdc14, Cln1,2	- Clb5,6
00	200.48		Swi5 	+ Cln3	- Cdc20&Cdc14, Sic1
00	128.482		Cdc20&Cdc14 	+ 	- Cdh1, Cln1,2
11	1024		Clb5,6 	+ 	- 
11	960.007		Sic1 	+ Clb1,2, Cln3, MBF	- Mcm1/SFF
11	768.07		Clb1,2 	+ Clb5,6	- Cln1,2
00	16.3636		Mcm1/SFF 	+ 	- Clb5,6, Cln3
11	512.008		Cln3 	+ Cdc20&Cdc14, Mcm1/SFF	- Sic1
00	49.498		MBF 	+ Cln3	- Cdh1, Clb1,2, Mcm1/SFF, Swi5
11	1056		SBF 	+ Cdc20&Cdc14, Clb1,2	- 
00	104.498		Cln1,2 	+ 	- Swi5
11	620.012		Cdh1 	+ Cln1,2, Mcm1/SFF	- Cln3
00	288.996		Swi5 	+ Clb1,2, Clb5,6	- 
00	0.497952		Cdc20&Cdc14 	+ 	- 
00	320.498		Clb5,6 	+ Mcm1/SFF	- Cdc20&Cdc14, SBF
11	1024.01		Sic1 	+ Clb5,6, Mcm1/SFF	- 
00	224.448		Clb1,2 	+ 	- Clb5,6, MBF
11	512.258		Mcm1/SFF 	+ Sic1	- 
00	34.5554		Cln3 	+ SBF	- MBF, Sic1
11	906		MBF 	+ Cdh1, Swi5	- Clb5,6
00	2.54168		SBF 	+ 	- Cdc20&Cdc14, Cdh1
00	0.541681		Cln1,2 	+ Clb1,2	- MBF, Swi5
01	512.914		Cdh1 	+ SBF	- Clb1,2
11	616		Swi5 	+ Cdc20&Cdc14, Cln1,2, SBF	- 
11	773		Cdc20&Cdc14 	+ SBF	- Clb5,6
00	40.5415		Clb5,6 	+ Mcm1/SFF	- Cdc20&Cdc14, Cln1,2, MBF, SBF
00	192.528		Sic1 	+ 	- Cdh1, Cln3
11	1024		Clb1,2 	+ 	- 
01	480.399		Mcm1/SFF 	+ 	- Clb5,6
11	853		Cln3 	+ MBF, SBF	- 
01	512.5		MBF 	+ 	- Cln1,2
11	1103		SBF 	+ Cln3, Swi5	- 
00	4.5		Cln1,2 	+ 	- Cdc20&Cdc14, Clb1,2, Clb5,6
00	70		Cdh1 	+ Cln1,2, Mcm1/SFF	- Cdc20&Cdc14
11	839		Swi5 	+ Clb5,6, SBF	- 
11	996		Cdc20&Cdc14 	+ Cln3, SBF, Sic1	- Clb5,6
00	96.4999		Clb5,6 	+ MBF	- Cdc20&Cdc14, Cdh1
00	8.4939		Sic1 	+ 	- Cdh1, Swi5
00	32.45		Clb1,2 	+ 	- Cln3
00	8.375		Mcm1/SFF 	+ Cln1,2	- Cdc20&Cdc14, MBF
00	385.75		Cln3 	+ Cdc20&Cdc14, Cdh1	- 
11	1083		MBF 	+ Cln3, Mcm1/SFF	- 
11	1076		SBF 	+ Cdh1	- 
11	720		Cln1,2 	+ Clb5,6	- Sic1
00	379.5		Cdh1 	+ 	- Swi5
00	33.5004		Swi5 	+ MBF	- Cdc20&Cdc14, Clb1,2, Sic1
00	325.375		Cdc20&Cdc14 	+ SBF	- Cdh1, Mcm1/SFF
11	643		Clb5,6 	+ Cdc20&Cdc14	- Cdh1
11	768		Sic1 	+ MBF	- Cln1,2
11	864.1		Clb1,2 	+ Clb5,6, MBF	- SBF
10	577.126		Mcm1/SFF 	+ Cln3	- Swi5
00	321.998		Cln3 	+ Cdc20&Cdc14	- Mcm1/SFF, Swi5
11	1074		MBF 	+ Cln1,2	- 
11	749		SBF 	+ Swi5	- Clb5,6
10	283.023		Cln1,2 	+ Clb5,6, Sic1	- Cdh1, MBF
00	29.8003		Cdh1 	+ 	- Clb5,6, SBF
11	896		Swi5 	+ Cdc20&Cdc14, SBF	- Cln3
00	256.797		Cdc20&Cdc14 	+ 	- Clb1,2, Sic1
11	513.001		Clb5,6 	+ MBF	- Cln1,2
00	308.778		Sic1 	+ Cln3	- Cdc20&Cdc14, SBF
00	16.6857		Clb1,2 	+ 	- MBF, Swi5
00	192.6		Mcm1/SFF 	+ 	- Cdc20&Cdc14, Sic1
00	256.666		Cln3 	+ Sic1	- 
00	0.334003		MBF 	+ Cln1,2	- Cln3, Mcm1/SFF, Swi5
00	0.334003		SBF 	+ 	- Clb1,2, MBF, Mcm1/SFF
00	130		Cln1,2 	+ Cln3	- 
11	1077		Cdh1 	+ Cln3	- 
00	32.3342		Swi5 	+ SBF	- Clb1,2, Cln3, Sic1
01	496.317		Cdc20&Cdc14 	+ Mcm1/SFF	- Clb1,2, Sic1
00	330.334		Clb5,6 	+ 	- Cdc20&Cdc14
01	512.332		Sic1 	+ 	- Clb5,6
11	864.059		Clb1,2 	+ Cdh1, SBF	- Sic1
11	817.2		Mcm1/SFF 	+ Cdc20&Cdc14, Clb1,2, MBF, Swi5	- 
00	31		Cln3 	+ Clb5,6	- 
11	835		MBF 	+ Cdh1, Cln3, Swi5	- Clb1,2, SBF
00	98.5001		SBF 	+ 	- MBF
11	735		Cln1,2 	+ Swi5	- Clb1,2
11	1075		Cdh1 	+ Mcm1/SFF, SBF, Sic1	- 
11	954		Swi5 	+ Cdh1, Cln3, Sic1	- MBF
00	58.6667		Cdc20&Cdc14 	+ Clb5,6	- Swi5
00	12.4999		Clb5,6 	+ 	- Sic1, Swi5
00	256.494		Sic1 	+ 	- Cln3
11	696		Clb1,2 	+ Cln3	- Cdc20&Cdc14
00	111.375		Mcm1/SFF 	+ 	- Cln1,2, SBF
10	208.996		Cln3 	+ Swi5	- 
11	737		MBF 	+ SBF	- Cdc20&Cdc14
11	1087		SBF 	+ Clb1,2, Swi5	- 
10	365		Cln1,2 	+ Cdc20&Cdc14	- 
00	51.4023		Cdh1 	+ Cln3	- MBF, Mcm1/SFF
10	406.996		Swi5 	+ Cdc20&Cdc14	- Clb5,6, Sic1
11	608		Cdc20&Cdc14 	+ Clb5,6, Mcm1/SFF	- 
00	144.335		Clb5,6 	+ Mcm1/SFF	- Cdh1, Cln3, SBF
00	226.332		Sic1 	+ Cdc20&Cdc14	- Clb5,6, SBF
00	29.3152		Clb1,2 	+ 	- Cln1,2
11	704.201		Mcm1/SFF 	+ Cdh1, Cln1,2	- Cln3
00	332.451		Cln3 	+ SBF, Sic1	- Clb1,2, Cln1,2, Mcm1/SFF
11	522.019		MBF 	+ Clb1,2, SBF	- Mcm1/SFF, Sic1
00	200.633		SBF 	+ Cdc20&Cdc14, Swi5	- Cdh1
00	24.3167		Cln1,2 	+ 	- Cdc20&Cdc14, MBF, Mcm1/SFF
11	1083		Cdh1 	+ Clb1,2, MBF	- 
00	0.316669		Swi5 	+ 	- Clb5,6
00	256.317		Cdc20&Cdc14 	+ 	- Clb1,2, Cln1,2
11	1083		Clb5,6 	+ Cln1,2, Cln3, Mcm1/SFF	- 
00	200.949		Sic1 	+ Mcm1/SFF, SBF	- Cdh1
11	1024		Clb1,2 	+ 	- 
00	0.580001		Mcm1/SFF 	+ Swi5	- 
11	791		Cln3 	+ Cdc20&Cdc14	- MBF
00	0.197575		MBF 	+ 	- Cdc20&Cdc14, Cln3
00	28.4103		SBF 	+ MBF	- Clb1,2
01	512.198		Cln1,2 	+ 	- Swi5
11	382.022		Cdh1 	+ Sic1, Swi5	- Clb5,6, SBF
11	808		Swi5 	+ Cln3	- Cln1,2
00	0.783904		Cdc20&Cdc14 	+ Clb1,2, Mcm1/SFF	- Cln3
11	426.022		Clb5,6 	+ Cdh1, Cln3	- SBF, Swi5
00	46.9907		Sic1 	+ Cdc20&Cdc14, Cln3	- Cdh1, Clb5,6
00	0.592812		Clb1,2 	+ SBF	- Clb5,6
00	0.169484		Mcm1/SFF 	+ 	- 
00	0.70886		Cln3 	+ 	- Clb5,6
00	512.709		MBF 	+ 	- Cln3
11	730		SBF 	+ Clb5,6	- Mcm1/SFF
10	450.433		Cln1,2 	+ Cdc20&Cdc14, Cln3	- Clb1,2
11	1114		Cdh1 	+ Clb5,6, Cln3, SBF, Sic1	- 
11	922		Swi5 	+ Clb1,2, Cln3, MBF	- SBF
10	508.291		Cdc20&Cdc14 	+ Sic1	- Cln1,2
11	1062		Clb5,6 	+ Cln1,2, Swi5	- 
11	692.149		Sic1 	+ Mcm1/SFF	- MBF
11	876.111		Clb1,2 	+ Cdc20&Cdc14, Swi5	- Cdh1
10	307.008		Mcm1/SFF 	+ Cdc20&Cdc14, Cln1,2	- Clb5,6, Swi5
11	880		Cln3 	+ Cdc20&Cdc14, Clb1,2, Sic1	- Clb5,6
11	765		MBF 	+ Cdh1, Clb5,6, Cln1,2	- Cdc20&Cdc14, Cln3
11	1024		SBF 	+ Mcm1/SFF	- 
00	160.841		Cln1,2 	+ Mcm1/SFF	- Cdc20&Cdc14, Cln3
11	914		Cdh1 	+ SBF, Sic1	- Cdc20&Cdc14
00	308.841		Swi5 	+ Clb5,6, Mcm1/SFF	- Cdc20&Cdc14, Cln1,2, Cln3
00	87.9844		Cdc20&Cdc14 	+ 	- Clb1,2
11	1024		Clb5,6 	+ Mcm1/SFF	- 
11	1024.02		Sic1 	+ Swi5	- 
00	248.921		Clb1,2 	+ Cdc20&Cdc14	- Cln1,2, Mcm1/SFF, Swi5
00	86.5714		Mcm1/SFF 	+ 	- MBF
